drop view if exists View_sys_Module;
CREATE  VIEW View_sys_Module AS SELECT a.*,(SELECT   x.M_CName FROM sys_Module x WHERE   (x.ModuleID = a.M_ParentID)) AS M_ParentName FROM  sys_Module AS a INNER JOIN sys_App AS b  ON a.M_AppID = b.AppID;
drop view if exists View_sys_Function;
CREATE VIEW  View_sys_Function AS SELECT a.*,b.*,c.* FROM sys_Function AS a INNER JOIN sys_Module AS b ON a.F_ModuleId = b.ModuleID inner join sys_App AS c ON b.M_AppID = c.AppID;
drop view if exists View_sys_Company;
CREATE VIEW View_sys_Company AS SELECT   c.*,a.*,(SELECT   C_CName FROM      sys_Company WHERE   (CompanyID = c.C_ParentID)) AS C_ParentName FROM      sys_Company AS c INNER JOIN sys_Area AS a ON c.C_AreaId = a.AreaId;
drop view if exists View_sys_RoleApp;
CREATE VIEW View_sys_RoleApp AS SELECT   a.*,b.*,c.* FROM sys_RoleApp AS a INNER JOIN sys_Role AS b ON a.A_RoleID = b.RoleID INNER JOIN sys_App AS c ON a.A_AppID = c.AppID;
drop view if exists View_sys_RoleUser;
CREATE VIEW View_sys_RoleUser AS SELECT   a.*,b.*, (CASE U_Type WHEN 0 THEN '超级用户' WHEN 1 THEN '管理用户' WHEN 2 THEN '企业用户' ELSE '未定义' END) AS U_TypeText, (CASE U_Status WHEN 0 THEN '正常' WHEN 1 THEN '禁止' ELSE '未定义' END) AS U_StatusText,(SELECT   C_CName FROM      sys_Company WHERE   (CompanyID = b.U_CompanyID)) AS U_CompanyName FROM      sys_UserRole AS a INNER JOIN  sys_User b ON a.R_UserID = b.UserId;
drop view if exists view_sys_User;
CREATE VIEW view_sys_User AS SELECT     a.*,b.*,c.*, (CASE U_Type WHEN 0 THEN '超级用户' WHEN 1 THEN '管理用户' WHEN 2 THEN '企业用户' ELSE '未定义' END) AS U_TypeText, (CASE U_Status WHEN 0 THEN '正常' WHEN 1 THEN '禁止' ELSE '未定义' END) AS U_StatusText,b.C_CName AS U_CompanyName FROM         sys_User a INNER JOIN sys_Company AS b ON a.U_CompanyID = b.CompanyID INNER JOIN sys_Area c ON b.C_AreaId = c.AreaId ;


INSERT sys_Area (AreaId, A_AreaNo, A_AreaCode, A_AreaName, A_ParentId, A_Level, A_LevelName, A_Zoning, A_ShowOrder) VALUES (1, N'110000', N'BJ', N'北京市', 0, 1, N'直辖市', N'华北地区', 1)
INSERT sys_Area (AreaId, A_AreaNo, A_AreaCode, A_AreaName, A_ParentId, A_Level, A_LevelName, A_Zoning, A_ShowOrder) VALUES (2, N'120000', N'TJ', N'天津市', 0, 1, N'直辖市', N'华北地区', 2)
INSERT sys_Area (AreaId, A_AreaNo, A_AreaCode, A_AreaName, A_ParentId, A_Level, A_LevelName, A_Zoning, A_ShowOrder) VALUES (3, N'130000', N'HEB', N'河北省', 0, 1, N'省', N'华北地区', 3)
INSERT sys_Area (AreaId, A_AreaNo, A_AreaCode, A_AreaName, A_ParentId, A_Level, A_LevelName, A_Zoning, A_ShowOrder) VALUES (4, N'140000', N'SX', N'山西省', 0, 1, N'省', N'华北地区', 4)
INSERT sys_Area (AreaId, A_AreaNo, A_AreaCode, A_AreaName, A_ParentId, A_Level, A_LevelName, A_Zoning, A_ShowOrder) VALUES (5, N'150000', N'NMG', N'内蒙古自治区', 0, 1, N'自治区', N'华北地区', 5)
INSERT sys_Area (AreaId, A_AreaNo, A_AreaCode, A_AreaName, A_ParentId, A_Level, A_LevelName, A_Zoning, A_ShowOrder) VALUES (6, N'210000', N'LN', N'辽宁省', 0, 1, N'省', N'东北地区', 6)
INSERT sys_Area (AreaId, A_AreaNo, A_AreaCode, A_AreaName, A_ParentId, A_Level, A_LevelName, A_Zoning, A_ShowOrder) VALUES (7, N'220000', N'JL', N'吉林省', 0, 1, N'省', N'东北地区', 7)
INSERT sys_Area (AreaId, A_AreaNo, A_AreaCode, A_AreaName, A_ParentId, A_Level, A_LevelName, A_Zoning, A_ShowOrder) VALUES (8, N'230000', N'HLJ', N'黑龙江省', 0, 1, N'省', N'东北地区', 8)
INSERT sys_Area (AreaId, A_AreaNo, A_AreaCode, A_AreaName, A_ParentId, A_Level, A_LevelName, A_Zoning, A_ShowOrder) VALUES (9, N'310000', N'SH', N'上海市', 0, 1, N'直辖市', N'华东地区', 9)
INSERT sys_Area (AreaId, A_AreaNo, A_AreaCode, A_AreaName, A_ParentId, A_Level, A_LevelName, A_Zoning, A_ShowOrder) VALUES (10, N'320000', N'JS', N'江苏省', 0, 1, N'省', N'华东地区', 10)
INSERT sys_Area (AreaId, A_AreaNo, A_AreaCode, A_AreaName, A_ParentId, A_Level, A_LevelName, A_Zoning, A_ShowOrder) VALUES (11, N'330000', N'ZJ', N'浙江省', 0, 1, N'省', N'华东地区', 11)
INSERT sys_Area (AreaId, A_AreaNo, A_AreaCode, A_AreaName, A_ParentId, A_Level, A_LevelName, A_Zoning, A_ShowOrder) VALUES (12, N'340000', N'AH', N'安徽省', 0, 1, N'省', N'华东地区', 12)
INSERT sys_Area (AreaId, A_AreaNo, A_AreaCode, A_AreaName, A_ParentId, A_Level, A_LevelName, A_Zoning, A_ShowOrder) VALUES (13, N'350000', N'FJ', N'福建省', 0, 1, N'省', N'华东地区', 13)
INSERT sys_Area (AreaId, A_AreaNo, A_AreaCode, A_AreaName, A_ParentId, A_Level, A_LevelName, A_Zoning, A_ShowOrder) VALUES (14, N'360000', N'JX', N'江西省', 0, 1, N'省', N'华东地区', 14)
INSERT sys_Area (AreaId, A_AreaNo, A_AreaCode, A_AreaName, A_ParentId, A_Level, A_LevelName, A_Zoning, A_ShowOrder) VALUES (15, N'370000', N'SD', N'山东省', 0, 1, N'省', N'华东地区', 15)
INSERT sys_Area (AreaId, A_AreaNo, A_AreaCode, A_AreaName, A_ParentId, A_Level, A_LevelName, A_Zoning, A_ShowOrder) VALUES (16, N'410000', N'HEN', N'河南省', 0, 1, N'省', N'华中地区', 16)
INSERT sys_Area (AreaId, A_AreaNo, A_AreaCode, A_AreaName, A_ParentId, A_Level, A_LevelName, A_Zoning, A_ShowOrder) VALUES (17, N'420000', N'HUB', N'湖北省', 0, 1, N'省', N'华中地区', 17)
INSERT sys_Area (AreaId, A_AreaNo, A_AreaCode, A_AreaName, A_ParentId, A_Level, A_LevelName, A_Zoning, A_ShowOrder) VALUES (18, N'430000', N'HUN', N'湖南省', 0, 1, N'省', N'华中地区', 18)
INSERT sys_Area (AreaId, A_AreaNo, A_AreaCode, A_AreaName, A_ParentId, A_Level, A_LevelName, A_Zoning, A_ShowOrder) VALUES (19, N'440000', N'GD', N'广东省', 0, 1, N'省', N'华南地区', 19)
INSERT sys_Area (AreaId, A_AreaNo, A_AreaCode, A_AreaName, A_ParentId, A_Level, A_LevelName, A_Zoning, A_ShowOrder) VALUES (20, N'450000', N'GX', N'广西壮族自治区', 0, 1, N'自治区', N'华南地区', 20)
INSERT sys_Area (AreaId, A_AreaNo, A_AreaCode, A_AreaName, A_ParentId, A_Level, A_LevelName, A_Zoning, A_ShowOrder) VALUES (21, N'460000', N'HN', N'海南省', 0, 1, N'省', N'华南地区', 21)
INSERT sys_Area (AreaId, A_AreaNo, A_AreaCode, A_AreaName, A_ParentId, A_Level, A_LevelName, A_Zoning, A_ShowOrder) VALUES (22, N'500000', N'CQ', N'重庆市', 0, 1, N'直辖市', N'西南地区', 22)
INSERT sys_Area (AreaId, A_AreaNo, A_AreaCode, A_AreaName, A_ParentId, A_Level, A_LevelName, A_Zoning, A_ShowOrder) VALUES (23, N'510000', N'SC', N'四川省', 0, 1, N'省', N'西南地区', 23)
INSERT sys_Area (AreaId, A_AreaNo, A_AreaCode, A_AreaName, A_ParentId, A_Level, A_LevelName, A_Zoning, A_ShowOrder) VALUES (24, N'520000', N'GZ', N'贵州省', 0, 1, N'省', N'西南地区', 24)
INSERT sys_Area (AreaId, A_AreaNo, A_AreaCode, A_AreaName, A_ParentId, A_Level, A_LevelName, A_Zoning, A_ShowOrder) VALUES (25, N'530000', N'YN', N'云南省', 0, 1, N'省', N'西南地区', 25)
INSERT sys_Area (AreaId, A_AreaNo, A_AreaCode, A_AreaName, A_ParentId, A_Level, A_LevelName, A_Zoning, A_ShowOrder) VALUES (26, N'540000', N'XZ', N'西藏自治区', 0, 1, N'自治区', N'西南地区', 26)
INSERT sys_Area (AreaId, A_AreaNo, A_AreaCode, A_AreaName, A_ParentId, A_Level, A_LevelName, A_Zoning, A_ShowOrder) VALUES (27, N'610000', N'SXS', N'陕西省', 0, 1, N'省', N'西北地区', 27)
INSERT sys_Area (AreaId, A_AreaNo, A_AreaCode, A_AreaName, A_ParentId, A_Level, A_LevelName, A_Zoning, A_ShowOrder) VALUES (28, N'620000', N'GS', N'甘肃省', 0, 1, N'省', N'西北地区', 28)
INSERT sys_Area (AreaId, A_AreaNo, A_AreaCode, A_AreaName, A_ParentId, A_Level, A_LevelName, A_Zoning, A_ShowOrder) VALUES (29, N'630000', N'QH', N'青海省', 0, 1, N'省', N'西北地区', 29)
INSERT sys_Area (AreaId, A_AreaNo, A_AreaCode, A_AreaName, A_ParentId, A_Level, A_LevelName, A_Zoning, A_ShowOrder) VALUES (30, N'640000', N'NX', N'宁夏回族自治区', 0, 1, N'自治区', N'西北地区', 30)
INSERT sys_Area (AreaId, A_AreaNo, A_AreaCode, A_AreaName, A_ParentId, A_Level, A_LevelName, A_Zoning, A_ShowOrder) VALUES (31, N'650000', N'XJ', N'新疆维吾尔自治区', 0, 1, N'自治区', N'西北地区', 31)
INSERT sys_Area (AreaId, A_AreaNo, A_AreaCode, A_AreaName, A_ParentId, A_Level, A_LevelName, A_Zoning, A_ShowOrder) VALUES (32, N'710000', N'TW', N'台湾省', 0, 1, N'省', N'港澳台', 32)
INSERT sys_Area (AreaId, A_AreaNo, A_AreaCode, A_AreaName, A_ParentId, A_Level, A_LevelName, A_Zoning, A_ShowOrder) VALUES (33, N'810000', N'HK', N'香港特别行政区', 0, 1, N'行政区', N'港澳台', 33)
INSERT sys_Area (AreaId, A_AreaNo, A_AreaCode, A_AreaName, A_ParentId, A_Level, A_LevelName, A_Zoning, A_ShowOrder) VALUES (34, N'820000', N'AM', N'澳门特别行政区', 0, 1, N'行政区', N'港澳台', 34)
INSERT sys_Area (AreaId, A_AreaNo, A_AreaCode, A_AreaName, A_ParentId, A_Level, A_LevelName, A_Zoning, A_ShowOrder) VALUES (35, N'460100', N'HNHK', N'海口市', 21, 2, N'地级市', N'华南地区', 1)
INSERT sys_Area (AreaId, A_AreaNo, A_AreaCode, A_AreaName, A_ParentId, A_Level, A_LevelName, A_Zoning, A_ShowOrder) VALUES (36, N'460200', N'HNSY', N'三亚市', 21, 2, N'地级市', N'华南地区', 2)
INSERT sys_Area (AreaId, A_AreaNo, A_AreaCode, A_AreaName, A_ParentId, A_Level, A_LevelName, A_Zoning, A_ShowOrder) VALUES (37, N'460300', N'HNSA', N'三沙市', 21, 2, N'县级市', N'华南地区', 3)
INSERT sys_Area (AreaId, A_AreaNo, A_AreaCode, A_AreaName, A_ParentId, A_Level, A_LevelName, A_Zoning, A_ShowOrder) VALUES (38, N'469001', N'HNWZS', N'五指山市', 21, 2, N'县级市', N'华南地区', 4)
INSERT sys_Area (AreaId, A_AreaNo, A_AreaCode, A_AreaName, A_ParentId, A_Level, A_LevelName, A_Zoning, A_ShowOrder) VALUES (39, N'469002', N'HNQH', N'琼海市', 21, 2, N'县级市', N'华南地区', 5)
INSERT sys_Area (AreaId, A_AreaNo, A_AreaCode, A_AreaName, A_ParentId, A_Level, A_LevelName, A_Zoning, A_ShowOrder) VALUES (40, N'469003', N'HNDZ', N'儋州市', 21, 2, N'县级市', N'华南地区', 6)
INSERT sys_Area (AreaId, A_AreaNo, A_AreaCode, A_AreaName, A_ParentId, A_Level, A_LevelName, A_Zoning, A_ShowOrder) VALUES (41, N'469005', N'HNWC', N'文昌市', 21, 2, N'县级市', N'华南地区', 7)
INSERT sys_Area (AreaId, A_AreaNo, A_AreaCode, A_AreaName, A_ParentId, A_Level, A_LevelName, A_Zoning, A_ShowOrder) VALUES (42, N'469006', N'HNWN', N'万宁市', 21, 2, N'县级市', N'华南地区', 8)
INSERT sys_Area (AreaId, A_AreaNo, A_AreaCode, A_AreaName, A_ParentId, A_Level, A_LevelName, A_Zoning, A_ShowOrder) VALUES (43, N'469007', N'HNDF', N'东方市', 21, 2, N'县级市', N'华南地区', 9)
INSERT sys_Area (AreaId, A_AreaNo, A_AreaCode, A_AreaName, A_ParentId, A_Level, A_LevelName, A_Zoning, A_ShowOrder) VALUES (44, N'469021', N'HNDA', N'定安县', 21, 2, N'县', N'华南地区', 10)
INSERT sys_Area (AreaId, A_AreaNo, A_AreaCode, A_AreaName, A_ParentId, A_Level, A_LevelName, A_Zoning, A_ShowOrder) VALUES (45, N'469022', N'HNTC', N'屯昌县', 21, 2, N'县', N'华南地区', 11)
INSERT sys_Area (AreaId, A_AreaNo, A_AreaCode, A_AreaName, A_ParentId, A_Level, A_LevelName, A_Zoning, A_ShowOrder) VALUES (46, N'469023', N'HNCM', N'澄迈县', 21, 2, N'县', N'华南地区', 12)
INSERT sys_Area (AreaId, A_AreaNo, A_AreaCode, A_AreaName, A_ParentId, A_Level, A_LevelName, A_Zoning, A_ShowOrder) VALUES (47, N'469024', N'HNLG', N'临高县', 21, 2, N'县', N'华南地区', 13)
INSERT sys_Area (AreaId, A_AreaNo, A_AreaCode, A_AreaName, A_ParentId, A_Level, A_LevelName, A_Zoning, A_ShowOrder) VALUES (48, N'469025', N'HNBS', N'白沙黎族自治县', 21, 2, N'自治县', N'华南地区', 14)
INSERT sys_Area (AreaId, A_AreaNo, A_AreaCode, A_AreaName, A_ParentId, A_Level, A_LevelName, A_Zoning, A_ShowOrder) VALUES (49, N'469026', N'HNCJ', N'昌江黎族自治县', 21, 2, N'自治县', N'华南地区', 15)
INSERT sys_Area (AreaId, A_AreaNo, A_AreaCode, A_AreaName, A_ParentId, A_Level, A_LevelName, A_Zoning, A_ShowOrder) VALUES (50, N'469027', N'HNLD', N'乐东黎族自治县', 21, 2, N'自治县', N'华南地区', 16)
INSERT sys_Area (AreaId, A_AreaNo, A_AreaCode, A_AreaName, A_ParentId, A_Level, A_LevelName, A_Zoning, A_ShowOrder) VALUES (51, N'469028', N'HNLS', N'陵水黎族自治县', 21, 2, N'自治县', N'华南地区', 17)
INSERT sys_Area (AreaId, A_AreaNo, A_AreaCode, A_AreaName, A_ParentId, A_Level, A_LevelName, A_Zoning, A_ShowOrder) VALUES (52, N'469029', N'HNBT', N'保亭黎族苗族自治县', 21, 2, N'自治县', N'华南地区', 18)
INSERT sys_Area (AreaId, A_AreaNo, A_AreaCode, A_AreaName, A_ParentId, A_Level, A_LevelName, A_Zoning, A_ShowOrder) VALUES (53, N'469030', N'HNQZ', N'琼中黎族苗族自治县', 21, 2, N'自治县', N'华南地区', 19)
INSERT sys_Area (AreaId, A_AreaNo, A_AreaCode, A_AreaName, A_ParentId, A_Level, A_LevelName, A_Zoning, A_ShowOrder) VALUES (58, N'233432', N'23', N'dyd2', 57, 2, N'直辖市', N'港澳台', 2323)
INSERT sys_Area (AreaId, A_AreaNo, A_AreaCode, A_AreaName, A_ParentId, A_Level, A_LevelName, A_Zoning, A_ShowOrder) VALUES (59, N'23424', N'2342', N'dyd3', 57, 2, N'自治县', N'港澳台', 242423)
INSERT sys_Area (AreaId, A_AreaNo, A_AreaCode, A_AreaName, A_ParentId, A_Level, A_LevelName, A_Zoning, A_ShowOrder) VALUES (60, N'234242', N'424', N'2342342', 58, 3, N'乡', N'港澳台', 42)

INSERT sys_Company (CompanyID, C_CName, C_ParentID, C_ShowOrder, C_Level, C_ChildCount, C_AreaId) VALUES (1, N'信息中心', 0, 1, 1, 0, 21)
INSERT sys_Company (CompanyID, C_CName, C_ParentID, C_ShowOrder, C_Level, C_ChildCount, C_AreaId) VALUES (3, N'车站总部', 0, 1, 1, 0, 35)
INSERT sys_Company (CompanyID, C_CName, C_ParentID, C_ShowOrder, C_Level, C_ChildCount, C_AreaId) VALUES (4, N'海口汽车客运总站', 3, 2, 2, 0, 35)
INSERT sys_Company (CompanyID, C_CName, C_ParentID, C_ShowOrder, C_Level, C_ChildCount, C_AreaId) VALUES (6, N'车站2', 5, 32, 2, 0, 2)
INSERT sys_Company (CompanyID, C_CName, C_ParentID, C_ShowOrder, C_Level, C_ChildCount, C_AreaId) VALUES (7, N'琼海车站2', 6, 33, 3, 0, 3)

INSERT sys_User (UserId, U_LoginName, U_CName, U_Pwd, U_CompanyID, U_MobileNo, U_PhotoUrl, U_JoinTime, U_Type, U_Status, U_LastTime, U_LastIp, U_ExtendField) VALUES (1, N'admin', N'超级管理员', N'0192023A7BBD73250516F069DF18B500', 1, N'182xxxxxxxxx', N'/resources/upload/user/image/15209958046719763_.jpg', CAST(N'2015-06-10T10:26:15.000' AS DateTime), 0, 0, CAST(N'2016-06-15T11:07:19.000' AS DateTime), N'10.10.10.89', N'0,10,blue')
INSERT sys_User (UserId, U_LoginName, U_CName, U_Pwd, U_CompanyID, U_MobileNo, U_PhotoUrl, U_JoinTime, U_Type, U_Status, U_LastTime, U_LastIp, U_ExtendField) VALUES (2, N'100100', N'张三', N'E33C9532A8B8239BEF1980E57F8A6BB3', 4, N'', NULL, CAST(N'2018-03-09T08:50:14.213' AS DateTime), 2, 0, NULL, NULL, N'')

INSERT sys_Field (FieldID, F_CName, F_Remark) VALUES (1, N'常用语', N'常用短语，便于用户输入，如：审核通过等。')
INSERT sys_Field (FieldID, F_CName, F_Remark) VALUES (2, N'计量单位', N'常用计量单位，如个、件等。')
INSERT sys_Field (FieldID, F_CName, F_Remark) VALUES (3, N'牌照颜色', N'车辆牌照颜色，蓝色、黄色、黑色、白色四种')
INSERT sys_Field (FieldID, F_CName, F_Remark) VALUES (4, N'行政区域划分', N'中国可分为8个大区: 华北、东北、华东、华中、华南、西北、西南、港澳台')
INSERT sys_Field (FieldID, F_CName, F_Remark) VALUES (5, N'行政区域级别', N'省、自治区、直辖市、行政区、地级市、县级市、县、自治县、乡、镇')

INSERT sys_FieldValue (ValueID, V_FieldID, V_Text, V_ShowOrder) VALUES (1, 4, N'华北地区', 0)
INSERT sys_FieldValue (ValueID, V_FieldID, V_Text, V_ShowOrder) VALUES (2, 4, N'东北地区', 1)
INSERT sys_FieldValue (ValueID, V_FieldID, V_Text, V_ShowOrder) VALUES (3, 4, N'华东地区', 2)
INSERT sys_FieldValue (ValueID, V_FieldID, V_Text, V_ShowOrder) VALUES (4, 4, N'华中地区', 3)
INSERT sys_FieldValue (ValueID, V_FieldID, V_Text, V_ShowOrder) VALUES (5, 4, N'华南地区', 4)
INSERT sys_FieldValue (ValueID, V_FieldID, V_Text, V_ShowOrder) VALUES (6, 4, N'西北地区', 5)
INSERT sys_FieldValue (ValueID, V_FieldID, V_Text, V_ShowOrder) VALUES (7, 4, N'西南地区', 6)
INSERT sys_FieldValue (ValueID, V_FieldID, V_Text, V_ShowOrder) VALUES (8, 4, N'港澳台', 7)
INSERT sys_FieldValue (ValueID, V_FieldID, V_Text, V_ShowOrder) VALUES (9, 5, N'直辖市', 0)
INSERT sys_FieldValue (ValueID, V_FieldID, V_Text, V_ShowOrder) VALUES (10, 5, N'省', 1)
INSERT sys_FieldValue (ValueID, V_FieldID, V_Text, V_ShowOrder) VALUES (11, 5, N'自治区', 2)
INSERT sys_FieldValue (ValueID, V_FieldID, V_Text, V_ShowOrder) VALUES (12, 5, N'地级市', 3)
INSERT sys_FieldValue (ValueID, V_FieldID, V_Text, V_ShowOrder) VALUES (13, 5, N'县级市', 4)
INSERT sys_FieldValue (ValueID, V_FieldID, V_Text, V_ShowOrder) VALUES (14, 5, N'县', 5)
INSERT sys_FieldValue (ValueID, V_FieldID, V_Text, V_ShowOrder) VALUES (15, 5, N'自治县', 6)
INSERT sys_FieldValue (ValueID, V_FieldID, V_Text, V_ShowOrder) VALUES (16, 5, N'乡', 7)
INSERT sys_FieldValue (ValueID, V_FieldID, V_Text, V_ShowOrder) VALUES (17, 5, N'镇', 8)
INSERT sys_FieldValue (ValueID, V_FieldID, V_Text, V_ShowOrder) VALUES (18, 5, N'区', 9)
INSERT sys_FieldValue (ValueID, V_FieldID, V_Text, V_ShowOrder) VALUES (19, 3, N'蓝色', 0)
INSERT sys_FieldValue (ValueID, V_FieldID, V_Text, V_ShowOrder) VALUES (20, 3, N'黄色', 1)
INSERT sys_FieldValue (ValueID, V_FieldID, V_Text, V_ShowOrder) VALUES (21, 3, N'黑色', 2)
INSERT sys_FieldValue (ValueID, V_FieldID, V_Text, V_ShowOrder) VALUES (22, 3, N'白色', 3)
INSERT sys_FieldValue (ValueID, V_FieldID, V_Text, V_ShowOrder) VALUES (23, 2, N'个', 0)
INSERT sys_FieldValue (ValueID, V_FieldID, V_Text, V_ShowOrder) VALUES (24, 2, N'件', 1)
INSERT sys_FieldValue (ValueID, V_FieldID, V_Text, V_ShowOrder) VALUES (25, 2, N'米', 2)
INSERT sys_FieldValue (ValueID, V_FieldID, V_Text, V_ShowOrder) VALUES (26, 2, N'升', 3)
INSERT sys_FieldValue (ValueID, V_FieldID, V_Text, V_ShowOrder) VALUES (27, 1, N'送货上门', 0)
INSERT sys_FieldValue (ValueID, V_FieldID, V_Text, V_ShowOrder) VALUES (28, 1, N'加急', 1)
INSERT sys_FieldValue (ValueID, V_FieldID, V_Text, V_ShowOrder) VALUES (29, 1, N'注意轻放', 2)
INSERT sys_FieldValue (ValueID, V_FieldID, V_Text, V_ShowOrder) VALUES (34, 2, N'只', 3)
INSERT sys_FieldValue (ValueID, V_FieldID, V_Text, V_ShowOrder) VALUES (35, 1, N'afd', 1)

INSERT sys_App (AppID, A_AppName, A_AppDesc, A_AppUrl, A_IsSys, A_Version) VALUES (1, N'框架应用系统', N'设置集成的应用及其功能模块23ab', N'', 1, N'4.0')
INSERT sys_App (AppID, A_AppName, A_AppDesc, A_AppUrl, A_IsSys, A_Version) VALUES (2, N'应用系统管理', N'应用系统管理及其功能模块', N'', 0, N'1.0')
INSERT sys_App (AppID, A_AppName, A_AppDesc, A_AppUrl, A_IsSys, A_Version) VALUES (3, N'广告系统', N'用于检票口的广告系统', N'', 0, N'1.0')

INSERT sys_Event (EventID, E_UserName, E_UserID, E_DateTime, E_AppID, E_AppName, E_ModName, E_ModCode, E_From, E_Type, E_IP, E_Record) VALUES (325, N'超级管理员', 1, CAST(N'2018-04-28T13:05:15.353' AS DateTime), NULL, N'', N'', N'', N'', 1, N'0:0:0:0:0:0:0:1', N'超级管理员(admin)登录系统')
INSERT sys_Event (EventID, E_UserName, E_UserID, E_DateTime, E_AppID, E_AppName, E_ModName, E_ModCode, E_From, E_Type, E_IP, E_Record) VALUES (324, N'超级管理员', 1, CAST(N'2018-04-28T10:09:42.263' AS DateTime), NULL, N'', N'', N'', N'', 2, N'0:0:0:0:0:0:0:1', N'更新模块(模块:{"mAppid":3,"mCname":"高级命令","mIcon":"glyphicon glyphicon-lock","mIsclose":0,"mIssys":0,"mModulecode":"S31M04","mOrderlevel":"3104","mParentName":"","mParentid":73,"mUrl":"CommandMgr/CmdSuper/module/module.page","moduleid":76},操作类型:Update) 成功')

INSERT sys_Function (FunctionId, F_ModuleId, F_Name, F_Value, F_Desc, F_Enable) VALUES (1, 2, N'查看模块', 1, N'查看', 1)
INSERT sys_Function (FunctionId, F_ModuleId, F_Name, F_Value, F_Desc, F_Enable) VALUES (2, 2, N'查看应用', 32, N'查看', 1)
INSERT sys_Function (FunctionId, F_ModuleId, F_Name, F_Value, F_Desc, F_Enable) VALUES (3, 2, N'删除模块', 8, N'删除', 0)
INSERT sys_Function (FunctionId, F_ModuleId, F_Name, F_Value, F_Desc, F_Enable) VALUES (4, 2, N'删除应用', 256, N'删除', 0)
INSERT sys_Function (FunctionId, F_ModuleId, F_Name, F_Value, F_Desc, F_Enable) VALUES (5, 2, N'添加顶级模块', 16, N'添加顶级模块', 1)
INSERT sys_Function (FunctionId, F_ModuleId, F_Name, F_Value, F_Desc, F_Enable) VALUES (6, 2, N'添加子模块', 2, N'添加', 1)
INSERT sys_Function (FunctionId, F_ModuleId, F_Name, F_Value, F_Desc, F_Enable) VALUES (7, 2, N'添加应用', 64, N'添加', 1)
INSERT sys_Function (FunctionId, F_ModuleId, F_Name, F_Value, F_Desc, F_Enable) VALUES (8, 2, N'修改模块', 4, N'修改', 1)
INSERT sys_Function (FunctionId, F_ModuleId, F_Name, F_Value, F_Desc, F_Enable) VALUES (9, 2, N'修改应用', 128, N'修改', 1)
INSERT sys_Function (FunctionId, F_ModuleId, F_Name, F_Value, F_Desc, F_Enable) VALUES (10, 48, N'查看角色用户', 1, N'查看', 1)
INSERT sys_Function (FunctionId, F_ModuleId, F_Name, F_Value, F_Desc, F_Enable) VALUES (11, 48, N'移除角色用户', 8, N'移除', 1)
INSERT sys_Function (FunctionId, F_ModuleId, F_Name, F_Value, F_Desc, F_Enable) VALUES (12, 48, N'添加角色用户', 2, N'添加', 1)
INSERT sys_Function (FunctionId, F_ModuleId, F_Name, F_Value, F_Desc, F_Enable) VALUES (13, 48, N'修改角色用户', 4, N'修改', 1)
INSERT sys_Function (FunctionId, F_ModuleId, F_Name, F_Value, F_Desc, F_Enable) VALUES (14, 10, N'查看角色应用', 1, N'查看', 1)
INSERT sys_Function (FunctionId, F_ModuleId, F_Name, F_Value, F_Desc, F_Enable) VALUES (18, 10, N'添加角色应用', 2, N'添加', 1)
INSERT sys_Function (FunctionId, F_ModuleId, F_Name, F_Value, F_Desc, F_Enable) VALUES (19, 10, N'修改角色应用', 4, N'修改', 1)
INSERT sys_Function (FunctionId, F_ModuleId, F_Name, F_Value, F_Desc, F_Enable) VALUES (20, 10, N'删除角色应用', 8, N'删除', 1)
INSERT sys_Function (FunctionId, F_ModuleId, F_Name, F_Value, F_Desc, F_Enable) VALUES (22, 10, N'设置应用权限', 16, N'权限', 1)
INSERT sys_Function (FunctionId, F_ModuleId, F_Name, F_Value, F_Desc, F_Enable) VALUES (23, 23, N'审核不通过', 1, N'审核不通过', 1)
INSERT sys_Function (FunctionId, F_ModuleId, F_Name, F_Value, F_Desc, F_Enable) VALUES (24, 11, N'查看用户', 1, N'查看', 1)
INSERT sys_Function (FunctionId, F_ModuleId, F_Name, F_Value, F_Desc, F_Enable) VALUES (25, 11, N'添加用户', 2, N'添加', 1)
INSERT sys_Function (FunctionId, F_ModuleId, F_Name, F_Value, F_Desc, F_Enable) VALUES (26, 11, N'修改用户', 4, N'编辑', 1)
INSERT sys_Function (FunctionId, F_ModuleId, F_Name, F_Value, F_Desc, F_Enable) VALUES (28, 11, N'删除用户', 8, N'删除', 0)
INSERT sys_Function (FunctionId, F_ModuleId, F_Name, F_Value, F_Desc, F_Enable) VALUES (29, 48, N'查看角色', 16, N'查看', 1)
INSERT sys_Function (FunctionId, F_ModuleId, F_Name, F_Value, F_Desc, F_Enable) VALUES (30, 48, N'添加角色', 32, N'添加', 1)
INSERT sys_Function (FunctionId, F_ModuleId, F_Name, F_Value, F_Desc, F_Enable) VALUES (31, 48, N'修改角色', 64, N'修改', 1)
INSERT sys_Function (FunctionId, F_ModuleId, F_Name, F_Value, F_Desc, F_Enable) VALUES (32, 48, N'删除角色', 128, N'删除', 1)
INSERT sys_Function (FunctionId, F_ModuleId, F_Name, F_Value, F_Desc, F_Enable) VALUES (33, 61, N'查看功能', 1, N'查看', 1)
INSERT sys_Function (FunctionId, F_ModuleId, F_Name, F_Value, F_Desc, F_Enable) VALUES (34, 61, N'添加功能', 2, N'添加', 1)
INSERT sys_Function (FunctionId, F_ModuleId, F_Name, F_Value, F_Desc, F_Enable) VALUES (35, 61, N'修改功能', 4, N'修改', 1)
INSERT sys_Function (FunctionId, F_ModuleId, F_Name, F_Value, F_Desc, F_Enable) VALUES (36, 61, N'删除功能', 8, N'删除', 0)
INSERT sys_Function (FunctionId, F_ModuleId, F_Name, F_Value, F_Desc, F_Enable) VALUES (40, 6, N'查看日志', 1, N'查看', 1)
INSERT sys_Function (FunctionId, F_ModuleId, F_Name, F_Value, F_Desc, F_Enable) VALUES (41, 6, N'删除日志', 8, N'删除', 1)
INSERT sys_Function (FunctionId, F_ModuleId, F_Name, F_Value, F_Desc, F_Enable) VALUES (42, 4, N'查看字段', 1, N'查看', 1)
INSERT sys_Function (FunctionId, F_ModuleId, F_Name, F_Value, F_Desc, F_Enable) VALUES (43, 4, N'添加字段', 2, N'添加', 1)
INSERT sys_Function (FunctionId, F_ModuleId, F_Name, F_Value, F_Desc, F_Enable) VALUES (44, 4, N'修改字段', 4, N'修改', 1)
INSERT sys_Function (FunctionId, F_ModuleId, F_Name, F_Value, F_Desc, F_Enable) VALUES (45, 4, N'删除字段', 8, N'删除', 0)
INSERT sys_Function (FunctionId, F_ModuleId, F_Name, F_Value, F_Desc, F_Enable) VALUES (46, 12, N'查看数据字段', 1, N'查看', 1)
INSERT sys_Function (FunctionId, F_ModuleId, F_Name, F_Value, F_Desc, F_Enable) VALUES (47, 12, N'添加数据字段', 2, N'添加', 1)
INSERT sys_Function (FunctionId, F_ModuleId, F_Name, F_Value, F_Desc, F_Enable) VALUES (48, 12, N'修改数据字段', 4, N'修改', 1)
INSERT sys_Function (FunctionId, F_ModuleId, F_Name, F_Value, F_Desc, F_Enable) VALUES (49, 12, N'删除数据字段', 8, N'删除', 1)
INSERT sys_Function (FunctionId, F_ModuleId, F_Name, F_Value, F_Desc, F_Enable) VALUES (50, 8, N'查看行政区', 1, N'查看', 1)
INSERT sys_Function (FunctionId, F_ModuleId, F_Name, F_Value, F_Desc, F_Enable) VALUES (51, 8, N'添加子级行政区', 2, N'添加', 1)
INSERT sys_Function (FunctionId, F_ModuleId, F_Name, F_Value, F_Desc, F_Enable) VALUES (52, 8, N'修改行政区', 4, N'修改', 1)
INSERT sys_Function (FunctionId, F_ModuleId, F_Name, F_Value, F_Desc, F_Enable) VALUES (53, 8, N'删除行政区', 8, N'删除', 0)
INSERT sys_Function (FunctionId, F_ModuleId, F_Name, F_Value, F_Desc, F_Enable) VALUES (54, 8, N'添加顶级行政区', 16, N'添加顶级行政区（省）', 1)
INSERT sys_Function (FunctionId, F_ModuleId, F_Name, F_Value, F_Desc, F_Enable) VALUES (55, 9, N'查看单位部门', 1, N'查看', 1)
INSERT sys_Function (FunctionId, F_ModuleId, F_Name, F_Value, F_Desc, F_Enable) VALUES (56, 9, N'添加子部门', 2, N'添加', 1)
INSERT sys_Function (FunctionId, F_ModuleId, F_Name, F_Value, F_Desc, F_Enable) VALUES (57, 9, N'修改单位部门', 4, N'修改', 1)
INSERT sys_Function (FunctionId, F_ModuleId, F_Name, F_Value, F_Desc, F_Enable) VALUES (58, 9, N'删除单位部门', 8, N'删除', 1)
INSERT sys_Function (FunctionId, F_ModuleId, F_Name, F_Value, F_Desc, F_Enable) VALUES (59, 9, N'添加顶级单位部门', 16, N'添加顶级单位部门', 1)
INSERT sys_Function (FunctionId, F_ModuleId, F_Name, F_Value, F_Desc, F_Enable) VALUES (60, 11, N'重置密码', 16, N'重置密码', 1)
INSERT sys_Function (FunctionId, F_ModuleId, F_Name, F_Value, F_Desc, F_Enable) VALUES (61, 48, N'移除所有用户', 256, N'移除本角色下所有用户', 1)
INSERT sys_Function (FunctionId, F_ModuleId, F_Name, F_Value, F_Desc, F_Enable) VALUES (62, 26, N'查看', 1, N'查看', 1)
INSERT sys_Function (FunctionId, F_ModuleId, F_Name, F_Value, F_Desc, F_Enable) VALUES (63, 14, N'保存', 1, N'保存', 1)
INSERT sys_Function (FunctionId, F_ModuleId, F_Name, F_Value, F_Desc, F_Enable) VALUES (65, 8, N'导出Excel', 32, N'导出Excel', 1)
INSERT sys_Function (FunctionId, F_ModuleId, F_Name, F_Value, F_Desc, F_Enable) VALUES (66, 9, N'导出Excel', 32, N'导出Excel', 1)
INSERT sys_Function (FunctionId, F_ModuleId, F_Name, F_Value, F_Desc, F_Enable) VALUES (67, 24, N'全部导出Excel', 1, N'全部导出Excel', 1)
INSERT sys_Function (FunctionId, F_ModuleId, F_Name, F_Value, F_Desc, F_Enable) VALUES (68, 25, N'查看', 1, N'查看', 1)
INSERT sys_Function (FunctionId, F_ModuleId, F_Name, F_Value, F_Desc, F_Enable) VALUES (69, 42, N'查看', 1, N'查看', 1)
INSERT sys_Function (FunctionId, F_ModuleId, F_Name, F_Value, F_Desc, F_Enable) VALUES (70, 27, N'查看', 1, N'查看', 1)
INSERT sys_Function (FunctionId, F_ModuleId, F_Name, F_Value, F_Desc, F_Enable) VALUES (71, 39, N'查看', 1, N'查看', 1)
INSERT sys_Function (FunctionId, F_ModuleId, F_Name, F_Value, F_Desc, F_Enable) VALUES (72, 40, N'导出Excel', 2, N'导出Excel', 1)
INSERT sys_Function (FunctionId, F_ModuleId, F_Name, F_Value, F_Desc, F_Enable) VALUES (73, 29, N'导出Excel', 1, N'导出Excel', 1)
INSERT sys_Function (FunctionId, F_ModuleId, F_Name, F_Value, F_Desc, F_Enable) VALUES (74, 30, N'导出Excel', 1, N'导出Excel', 1)
INSERT sys_Function (FunctionId, F_ModuleId, F_Name, F_Value, F_Desc, F_Enable) VALUES (75, 62, N'导出Excel', 1, N'导出Excel', 1)
INSERT sys_Function (FunctionId, F_ModuleId, F_Name, F_Value, F_Desc, F_Enable) VALUES (76, 32, N'查看', 1, N'查看', 1)
INSERT sys_Function (FunctionId, F_ModuleId, F_Name, F_Value, F_Desc, F_Enable) VALUES (77, 33, N'查看', 1, N'查看', 1)
INSERT sys_Function (FunctionId, F_ModuleId, F_Name, F_Value, F_Desc, F_Enable) VALUES (78, 63, N'查看', 1, N'查看', 1)
INSERT sys_Function (FunctionId, F_ModuleId, F_Name, F_Value, F_Desc, F_Enable) VALUES (79, 14, N'查看', 2, N'查看', 1)
INSERT sys_Function (FunctionId, F_ModuleId, F_Name, F_Value, F_Desc, F_Enable) VALUES (80, 37, N'导出Excel', 1, N'导出Excel', 1)
INSERT sys_Function (FunctionId, F_ModuleId, F_Name, F_Value, F_Desc, F_Enable) VALUES (81, 70, N'是否可选网络视频', 128, N'是否可选网络视频', 1)
INSERT sys_Function (FunctionId, F_ModuleId, F_Name, F_Value, F_Desc, F_Enable) VALUES (82, 65, N'添加用户车站', 1, N'添加用户车站', 1)
INSERT sys_Function (FunctionId, F_ModuleId, F_Name, F_Value, F_Desc, F_Enable) VALUES (83, 66, N'上传视频', 1, N'上传视频', 1)
INSERT sys_Function (FunctionId, F_ModuleId, F_Name, F_Value, F_Desc, F_Enable) VALUES (84, 68, N'发布文本通知', 1, N'发布文本通知', 1)
INSERT sys_Function (FunctionId, F_ModuleId, F_Name, F_Value, F_Desc, F_Enable) VALUES (85, 69, N'发布图片通知', 1, N'发布图片通知', 1)
INSERT sys_Function (FunctionId, F_ModuleId, F_Name, F_Value, F_Desc, F_Enable) VALUES (88, 35, N'审核', 2, N'会员资料审核（绑定车辆所属单位）', 1)
INSERT sys_Function (FunctionId, F_ModuleId, F_Name, F_Value, F_Desc, F_Enable) VALUES (89, 35, N'审核不通过', 4, N'所选的资料审核不通过', 1)
INSERT sys_Function (FunctionId, F_ModuleId, F_Name, F_Value, F_Desc, F_Enable) VALUES (90, 37, N'重置密码', 2, N'重置密码', 1)
INSERT sys_Function (FunctionId, F_ModuleId, F_Name, F_Value, F_Desc, F_Enable) VALUES (91, 35, N'打回', 8, N'打回，重新审核', 1)
INSERT sys_Function (FunctionId, F_ModuleId, F_Name, F_Value, F_Desc, F_Enable) VALUES (92, 23, N'审核通过', 2, N'审核通过', 1)
INSERT sys_Function (FunctionId, F_ModuleId, F_Name, F_Value, F_Desc, F_Enable) VALUES (93, 23, N'打回', 4, N'打回', 1)
INSERT sys_Function (FunctionId, F_ModuleId, F_Name, F_Value, F_Desc, F_Enable) VALUES (94, 66, N'播放', 2, N'播放视频', 1)
INSERT sys_Function (FunctionId, F_ModuleId, F_Name, F_Value, F_Desc, F_Enable) VALUES (95, 66, N'删除', 4, N'删除视频', 1)
INSERT sys_Function (FunctionId, F_ModuleId, F_Name, F_Value, F_Desc, F_Enable) VALUES (96, 24, N'按查询结果导出Excel', 2, N'按查询结果导出Excel', 1)
INSERT sys_Function (FunctionId, F_ModuleId, F_Name, F_Value, F_Desc, F_Enable) VALUES (97, 72, N'发布检票班次通知', 1, N'发布检票班次通知', 1)
INSERT sys_Function (FunctionId, F_ModuleId, F_Name, F_Value, F_Desc, F_Enable) VALUES (99, 13, N'查看', 1, N'查看', 1)
INSERT sys_Function (FunctionId, F_ModuleId, F_Name, F_Value, F_Desc, F_Enable) VALUES (100, 35, N'注销', 1, N'会员资料审核（绑定车辆所属单位）', 1)
INSERT sys_Function (FunctionId, F_ModuleId, F_Name, F_Value, F_Desc, F_Enable) VALUES (101, 70, N'发布视频通知', 1, N'发布视频通知', 1)
INSERT sys_Function (FunctionId, F_ModuleId, F_Name, F_Value, F_Desc, F_Enable) VALUES (102, 71, N'清空列表', 1, N'清空列表', 1)
INSERT sys_Function (FunctionId, F_ModuleId, F_Name, F_Value, F_Desc, F_Enable) VALUES (103, 32, N'导出Excel', 2, N'导出Excel', 1)
INSERT sys_Function (FunctionId, F_ModuleId, F_Name, F_Value, F_Desc, F_Enable) VALUES (104, 33, N'导出Excel', 2, N'导出Excel', 1)
INSERT sys_Function (FunctionId, F_ModuleId, F_Name, F_Value, F_Desc, F_Enable) VALUES (105, 63, N'导出Excel', 2, N'导出Excel', 1)
INSERT sys_Function (FunctionId, F_ModuleId, F_Name, F_Value, F_Desc, F_Enable) VALUES (106, 70, N'是否可选本地视频', 256, N'是否可选本地视频', 1)
INSERT sys_Function (FunctionId, F_ModuleId, F_Name, F_Value, F_Desc, F_Enable) VALUES (107, 68, N'清空播放列表', 2, N'清空播放列表', 1)
INSERT sys_Function (FunctionId, F_ModuleId, F_Name, F_Value, F_Desc, F_Enable) VALUES (108, 74, N'发送欢迎标语', 1, N'发送欢迎标语', 1)
INSERT sys_Function (FunctionId, F_ModuleId, F_Name, F_Value, F_Desc, F_Enable) VALUES (109, 75, N'发送升级命令', 1, N'发送升级命令', 1)
INSERT sys_Function (FunctionId, F_ModuleId, F_Name, F_Value, F_Desc, F_Enable) VALUES (110, 76, N'发送高级命令', 1, N'发送高级命令', 1)
INSERT sys_Function (FunctionId, F_ModuleId, F_Name, F_Value, F_Desc, F_Enable) VALUES (111, 77, N'批量设置为滚动线路', 1, N'批量设置为滚动线路', 1)

INSERT sys_Function (FunctionId, F_ModuleId, F_Name, F_Value, F_Desc, F_Enable) VALUES (112, 26, N'撤销滚动', 2, N'撤销滚动', 1)
INSERT sys_Function (FunctionId, F_ModuleId, F_Name, F_Value, F_Desc, F_Enable) VALUES (117, 79, N'查看', 1, N'查看', 1)
INSERT sys_Function (FunctionId, F_ModuleId, F_Name, F_Value, F_Desc, F_Enable) VALUES (118, 79, N'导出Excel', 2, N'导出Excel', 1)
INSERT sys_Function (FunctionId, F_ModuleId, F_Name, F_Value, F_Desc, F_Enable) VALUES (119, 80, N'查看', 1, N'查看', 1)
INSERT sys_Function (FunctionId, F_ModuleId, F_Name, F_Value, F_Desc, F_Enable) VALUES (120, 80, N'导出Excel', 2, N'导出Excel', 1)
INSERT sys_Function (FunctionId, F_ModuleId, F_Name, F_Value, F_Desc, F_Enable) VALUES (123, 82, N'fasfsa', 1, N'查询', 1)
INSERT sys_Function (FunctionId, F_ModuleId, F_Name, F_Value, F_Desc, F_Enable) VALUES (124, 82, N'导出Excel', 2, N'导出Excel', 1)
INSERT sys_Function (FunctionId, F_ModuleId, F_Name, F_Value, F_Desc, F_Enable) VALUES (125, 83, N'导出Excel', 2, N'导出Excel', 1)
INSERT sys_Function (FunctionId, F_ModuleId, F_Name, F_Value, F_Desc, F_Enable) VALUES (126, 83, N'查看', 1, N'查看', 1)
INSERT sys_Function (FunctionId, F_ModuleId, F_Name, F_Value, F_Desc, F_Enable) VALUES (127, 66, N'全部删除', 32, N'删除全部视频', 1)
INSERT sys_Function (FunctionId, F_ModuleId, F_Name, F_Value, F_Desc, F_Enable) VALUES (128, 84, N'查看', 1, N'查看', 1)
INSERT sys_Function (FunctionId, F_ModuleId, F_Name, F_Value, F_Desc, F_Enable) VALUES (129, 84, N'导出Excel', 4, N'导出Excel', 1)
INSERT sys_Function (FunctionId, F_ModuleId, F_Name, F_Value, F_Desc, F_Enable) VALUES (130, 38, N'导出Excel', 4, N'导出Excel', 1)
INSERT sys_Function (FunctionId, F_ModuleId, F_Name, F_Value, F_Desc, F_Enable) VALUES (131, 38, N'重置密码', 32, N'重置密码', 1)
INSERT sys_Function (FunctionId, F_ModuleId, F_Name, F_Value, F_Desc, F_Enable) VALUES (132, 37, N'添加子单位', 8, N'添加子单位', 1)
INSERT sys_Function (FunctionId, F_ModuleId, F_Name, F_Value, F_Desc, F_Enable) VALUES (133, 85, N'添加顶级区域线', 4, N'添加顶级区域线', 1)
INSERT sys_Function (FunctionId, F_ModuleId, F_Name, F_Value, F_Desc, F_Enable) VALUES (134, 85, N'添加子线', 16, N'添加子线', 1)
INSERT sys_Function (FunctionId, F_ModuleId, F_Name, F_Value, F_Desc, F_Enable) VALUES (135, 85, N'编辑区域线', 32, N'编辑', 1)
INSERT sys_Function (FunctionId, F_ModuleId, F_Name, F_Value, F_Desc, F_Enable) VALUES (136, 85, N'删除区域线', 64, N'删除', 1)
INSERT sys_Function (FunctionId, F_ModuleId, F_Name, F_Value, F_Desc, F_Enable) VALUES (137, 85, N'查看', 1, N'查看', 1)
INSERT sys_Function (FunctionId, F_ModuleId, F_Name, F_Value, F_Desc, F_Enable) VALUES (138, 85, N'添加滚动线路', 128, N'添加滚动线路', 1)
INSERT sys_Function (FunctionId, F_ModuleId, F_Name, F_Value, F_Desc, F_Enable) VALUES (139, 86, N'查看', 1, N'查看', 1)
INSERT sys_Function (FunctionId, F_ModuleId, F_Name, F_Value, F_Desc, F_Enable) VALUES (140, 86, N'添加区域线的滚动线路', 2, N'添加区域线的滚动线路', 1)
INSERT sys_Function (FunctionId, F_ModuleId, F_Name, F_Value, F_Desc, F_Enable) VALUES (141, 86, N'解除绑定', 8, N'解除绑定', 1)
INSERT sys_Function (FunctionId, F_ModuleId, F_Name, F_Value, F_Desc, F_Enable) VALUES (142, 39, N'导出Excel', 2, N'导出Excel', 1)
INSERT sys_Function (FunctionId, F_ModuleId, F_Name, F_Value, F_Desc, F_Enable) VALUES (143, 87, N'查看', 1, N'查看', 1)
INSERT sys_Function (FunctionId, F_ModuleId, F_Name, F_Value, F_Desc, F_Enable) VALUES (144, 87, N'导出Excel', 2, N'导出Excel', 1)
INSERT sys_Function (FunctionId, F_ModuleId, F_Name, F_Value, F_Desc, F_Enable) VALUES (145, 89, N'导出Excel', 8, N'导出Excel', 1)
INSERT sys_Function (FunctionId, F_ModuleId, F_Name, F_Value, F_Desc, F_Enable) VALUES (146, 89, N'线路详情导出Excel', 16, N'导出Excel', 1)
INSERT sys_Function (FunctionId, F_ModuleId, F_Name, F_Value, F_Desc, F_Enable) VALUES (147, 89, N'线路结算单详情导出Excel', 32, N'导出Excel', 1)
INSERT sys_Function (FunctionId, F_ModuleId, F_Name, F_Value, F_Desc, F_Enable) VALUES (148, 88, N'查看', 1, N'查看', 1)
INSERT sys_Function (FunctionId, F_ModuleId, F_Name, F_Value, F_Desc, F_Enable) VALUES (149, 88, N'更改结算单', 2, N'更改', 1)
INSERT sys_Function (FunctionId, F_ModuleId, F_Name, F_Value, F_Desc, F_Enable) VALUES (150, 74, N'统计线详情导出Excel', 4, N'导出Excel', 1)
INSERT sys_Function (FunctionId, F_ModuleId, F_Name, F_Value, F_Desc, F_Enable) VALUES (152, 90, N'查看', 1, N'查看', 1)
INSERT sys_Function (FunctionId, F_ModuleId, F_Name, F_Value, F_Desc, F_Enable) VALUES (153, 90, N'批量通过核对', 16, N'批量通过核对', 1)
INSERT sys_Function (FunctionId, F_ModuleId, F_Name, F_Value, F_Desc, F_Enable) VALUES (154, 90, N'批量撤销核对', 32, N'批量撤销核对', 1)
INSERT sys_Function (FunctionId, F_ModuleId, F_Name, F_Value, F_Desc, F_Enable) VALUES (157, 69, N'清空播放列表', 2, N'清空播放列表', 1)
INSERT sys_Function (FunctionId, F_ModuleId, F_Name, F_Value, F_Desc, F_Enable) VALUES (158, 70, N'清空播放列表', 2, N'清空播放列表', 1)
INSERT sys_Function (FunctionId, F_ModuleId, F_Name, F_Value, F_Desc, F_Enable) VALUES (159, 65, N'删除', 2, N'删除该用户的车站', 1)
INSERT sys_Function (FunctionId, F_ModuleId, F_Name, F_Value, F_Desc, F_Enable) VALUES (160, 65, N'编辑', 8, N'编辑用户车站', 1)
INSERT sys_Function (FunctionId, F_ModuleId, F_Name, F_Value, F_Desc, F_Enable) VALUES (161, 71, N'刷新列表', 2, N'刷新列表', 1)
INSERT sys_Function (FunctionId, F_ModuleId, F_Name, F_Value, F_Desc, F_Enable) VALUES (162, 71, N'清除', 4, N'清除', 1)
INSERT sys_Function (FunctionId, F_ModuleId, F_Name, F_Value, F_Desc, F_Enable) VALUES (166, 82, N'aaaabbb', 16, N'zvzxv', 1)
INSERT sys_Function (FunctionId, F_ModuleId, F_Name, F_Value, F_Desc, F_Enable) VALUES (167, 82, N'xxx22', 32, N'zvxvzvz', 1)
INSERT sys_Function (FunctionId, F_ModuleId, F_Name, F_Value, F_Desc, F_Enable) VALUES (168, 82, N'ccccxxx', 64, N'vzv', 1)

INSERT sys_Role (RoleID, R_RoleName, R_Description) VALUES (1, N'框架管理组', N'框架管理，超级管理员权限')
INSERT sys_Role (RoleID, R_RoleName, R_Description) VALUES (2, N'系统管理组', N'系统管理')
INSERT sys_Role (RoleID, R_RoleName, R_Description) VALUES (3, N'广告发布组', N'只能发布广告，（不能上传视频）')
INSERT sys_Role (RoleID, R_RoleName, R_Description) VALUES (7, N'xxxccccc', N'xx')

INSERT sys_RoleApp (A_RoleID, A_AppID) VALUES (1, 1)
INSERT sys_RoleApp (A_RoleID, A_AppID) VALUES (2, 2)
INSERT sys_RoleApp (A_RoleID, A_AppID) VALUES (2, 3)
INSERT sys_RoleApp (A_RoleID, A_AppID) VALUES (3, 3)
INSERT sys_UserRole (R_UserID, R_RoleID) VALUES (2, 1)
INSERT sys_UserRole (R_UserID, R_RoleID) VALUES (4, 2)
INSERT sys_UserRole (R_UserID, R_RoleID) VALUES (5, 3)
INSERT sys_UserRole (R_UserID, R_RoleID) VALUES (5, 7)
INSERT sys_UserRole (R_UserID, R_RoleID) VALUES (7, 2)
INSERT sys_UserRole (R_UserID, R_RoleID) VALUES (9, 3)

INSERT INTO sys_module(ModuleID,M_AppID,M_CName,M_Icon,M_IsClose,M_IsSys,M_OrderLevel,M_ParentID,M_URL,M_Code) VALUES (1,1,'框架系统','fa fa-square-o',0,1,'0000',0,'','frm'),(2,1,'应用与模块管理','fa fa-square',0,1,'0001',1,'frm/ModuleMng/module.page','ModuleMng'),(4,1,'字段类型管理','fa fa-tag',0,1,'0004',1,'frm/FieldMng/module.page','FieldMng'),(5,1,'系统异常日志','fa fa-file',1,1,'0005',1,'frm/SystemErrorLog/module.page','SystemErrorLog'),(7,2,'系统管理','fa fa-asterisk',0,0,'0000',0,'','sys'),(8,2,'行政区管理','fa fa-map-o',0,0,'0002',7,'sys/AreaMng/module.page','AreaMng'),(9,2,'组织机构管理','fa fa-tree',0,0,'0003',7,'sys/CompanyMng/module.page','CompanyMng'),(10,2,'角色应用权限','fa fa-key',0,0,'0006',7,'sys/RoleMng/module.page','RoleMng'),(11,2,'用户管理','fa fa-user',0,0,'0004',7,'sys/UserMng/module.page','UserMng'),(12,2,'数据字典','fa fa-book',0,0,'0001',7,'sys/FieldValueMng/module.page','FieldValueMng'),(13,2,'事件日志查询','fa fa-sticky-note-o',0,0,'0007',7,'sys/EventMng/module.page','EventMng'),(14,2,'系统参数管理','fa fa-cogs',0,0,'0008',7,'sys/SystemParam/module.page','SystemParam'),(16,2,'在线用户列表','fa fa-street-view',1,0,'0010',7,'sys/OnlineUser/module.page','OnlineUser'),(48,2,'角色(用户)管理','fa fa-user-secret',0,0,'0005',7,'sys/RoleUserMng/module.page','RoleUserMng'),(61,1,'功能管理','fa fa-envira',0,1,'0002',1,'frm/FunctionMng/module.page','FunctionMng'),(64,3,'广告管理','fa fa-bell',0,0,'2001',0,'','advMng'),(66,3,'视频管理','fa fa-video-camera',0,0,'2003',64,'Advertising/VideoMng/module.page','VideoMng'),(67,3,'广告发布','fa fa-television',0,0,'2101',0,'',''),(68,3,'发布文本通知','fa fa-file-text-o',0,0,'2102',67,'Advertising/TextPublish/module.page','TextPublish'),(69,3,'发布图片通知','fa fa-picture-o',0,0,'2103',67,'Advertising/ImagePublish/module.page','ImagePublish'),(70,3,'发布视频通知','fa fa-video-camera',0,0,'2104',67,'Advertising/VideoPublish/module.page','VideoPublish'),(71,3,'清除通知','fa fa-eraser',0,0,'2105',67,'Advertising/Clear/module.page','Clear'),(72,3,'发布检票班次','fa fa-bus',0,0,'2106',67,'Advertising/CheckPublish/module.page','CheckPublish');     